{
    "precision": [
        0.8997835516929626,
        0.9607674479484558,
        0.9999998211860657,
        0.9884481430053711,
        0.9559022188186646,
        1.0,
        0.9426755905151367,
        0.9607804417610168,
        1.0000001192092896,
        0.9836547374725342,
        0.9758217930793762,
        0.9727637767791748,
        0.9636698961257935,
        0.9279440641403198,
        0.8874697685241699,
        0.9122698307037354,
        0.8765673637390137,
        0.9128372669219971,
        0.9118364453315735,
        0.9387475252151489,
        0.9043146371841431,
        0.9471986889839172,
        0.9478394985198975,
        0.9225643873214722,
        0.9094964265823364,
        0.9207273125648499,
        0.8988863825798035,
        0.8901455402374268,
        0.8702855110168457,
        0.9161935448646545,
        0.9160891175270081,
        0.962454080581665,
        0.9456954002380371,
        0.9490484595298767,
        0.9621928930282593,
        0.9219265580177307,
        0.9186593294143677,
        0.9549901485443115,
        0.9656017422676086,
        0.9773876070976257,
        0.9510096311569214,
        0.9649969935417175,
        0.9480694532394409,
        0.9336364269256592,
        0.9432447552680969,
        0.9068905711174011,
        0.8929986357688904,
        0.937070369720459,
        0.934986412525177,
        0.8456935882568359
    ],
    "recall": [
        0.8876316547393799,
        0.9514204263687134,
        0.9999998211860657,
        0.9929009079933167,
        0.9422516226768494,
        1.0,
        0.9443278908729553,
        0.9530459046363831,
        1.0000001192092896,
        0.977167010307312,
        0.9724224805831909,
        0.9693708419799805,
        0.9669262170791626,
        0.9308907389640808,
        0.8638733625411987,
        0.8936644792556763,
        0.8563963174819946,
        0.900513768196106,
        0.8965596556663513,
        0.9306502342224121,
        0.8972429037094116,
        0.9412771463394165,
        0.9334267377853394,
        0.8988926410675049,
        0.9174549579620361,
        0.8940422534942627,
        0.8794825673103333,
        0.8997975587844849,
        0.8328208923339844,
        0.8907570838928223,
        0.9000649452209473,
        0.958123505115509,
        0.9418249130249023,
        0.9546465873718262,
        0.9578421115875244,
        0.8986977934837341,
        0.9198837280273438,
        0.9531477689743042,
        0.961233377456665,
        0.9762335419654846,
        0.9418099522590637,
        0.9655091166496277,
        0.941737949848175,
        0.9296287298202515,
        0.9441435933113098,
        0.8849522471427917,
        0.8772189617156982,
        0.9200418591499329,
        0.9282146692276001,
        0.8250832557678223
    ],
    "f1": [
        0.8936662673950195,
        0.956071138381958,
        0.9999998211860657,
        0.9906695485115051,
        0.9490278363227844,
        1.0,
        0.9435010552406311,
        0.9568975567817688,
        1.0000001192092896,
        0.9804000854492188,
        0.9741191864013672,
        0.9710643291473389,
        0.9652953147888184,
        0.9294151067733765,
        0.8755125999450684,
        0.902871310710907,
        0.8663644790649414,
        0.9066336154937744,
        0.9041335582733154,
        0.9346813559532166,
        0.9007648825645447,
        0.9442285895347595,
        0.9405779242515564,
        0.9105746746063232,
        0.9134583473205566,
        0.9071885943412781,
        0.8890786170959473,
        0.894945502281189,
        0.851141095161438,
        0.9032963514328003,
        0.9080063700675964,
        0.9602839350700378,
        0.9437561631202698,
        0.95183926820755,
        0.9600126147270203,
        0.9101639986038208,
        0.9192711114883423,
        0.9540680646896362,
        0.9634125828742981,
        0.9768102169036865,
        0.9463874101638794,
        0.9652529954910278,
        0.9448930621147156,
        0.9316282868385315,
        0.9436939358711243,
        0.8957871198654175,
        0.885038435459137,
        0.9284781217575073,
        0.9315882325172424,
        0.8352612853050232
    ],
    "mean_f1": 0.9322242736816406
}